clusters,silhouette_score
4,0.02750293162787536
5,0.024268693723752663
6,0.030170696302437242
7,0.03394485262802049
8,0.037550950263002696
9,0.02931855432820428
10,0.03627666942892298
11,0.034746068485126735
12,0.032780264991491594
