clusters,silhouette_score
4,0.023763931728464957
5,0.020799899472246315
6,0.02188153994240056
7,0.02369049565335543
8,0.025170962073599562
9,0.031045387973675617
10,0.021534512273187357
11,0.03006599392524591
12,0.03224241104670758
